Elf_Name,Message,Time_Sent
Michael,revolt toys revolt sabotage materials,2024-12-01 02:33:23
Jason,toys strike revolt steal revolt materials toys strike,2024-12-01 03:32:36
Virginia,materials steal toys materials,2024-12-01 01:20:06
Omar,steal revolt materials strike strike revolt materials steal,2024-12-01 00:34:02
Nicholas,sabotage steal sabotage revolt materials strike sabotage,2024-12-01 00:29:49
Terri,sabotage materials revolt sabotage sabotage,2024-12-01 01:26:31
Molly,revolt strike strike toys strike strike toys sabotage,2024-12-01 01:42:59
Margaret,steal toys steal materials materials,2024-12-01 03:11:53
Bryan,strike steal steal sabotage materials,2024-12-01 03:12:35
Danielle,toys sabotage sabotage toys,2024-12-01 03:03:20
Samantha,toys steal materials revolt materials strike steal steal,2024-12-01 00:18:48
Lisa,materials strike toys strike materials sabotage toys materials steal,2024-12-01 02:43:36
Monique,materials revolt steal strike strike,2024-12-01 03:26:43
Gary,materials steal steal strike sabotage sabotage steal sabotage toys,2024-12-01 03:10:18
Kimberly,materials revolt revolt steal materials sabotage strike toys,2024-12-01 04:23:35
George,revolt revolt strike steal,2024-12-01 00:54:47
Edward,toys strike sabotage revolt materials toys sabotage steal strike materials,2024-12-01 00:28:28
Kenneth,toys strike materials,2024-12-01 02:11:27
Amy,steal strike strike revolt toys materials sabotage,2024-12-01 01:54:07
Terri,strike strike strike materials revolt steal materials materials,2024-12-01 03:02:48
Timothy,sabotage strike steal revolt toys revolt,2024-12-01 00:57:45
Riley,steal steal steal steal,2024-12-01 02:23:07
Bonnie,toys strike materials materials steal strike strike sabotage,2024-12-01 04:24:38
Kyle,strike steal strike revolt steal toys strike toys revolt,2024-12-01 01:53:57
Ashley,strike materials strike strike toys materials materials sabotage steal,2024-12-01 02:13:41
Amber,steal sabotage sabotage sabotage revolt revolt steal materials revolt steal,2024-12-01 02:22:43
Debra,sabotage sabotage materials steal steal revolt toys,2024-12-01 01:02:19
Margaret,steal strike sabotage sabotage strike toys sabotage revolt strike strike,2024-12-01 01:29:12
Christopher,steal steal strike steal materials toys,2024-12-01 00:22:39
Kimberly,revolt revolt revolt revolt strike revolt steal,2024-12-01 01:30:48
Caleb,strike sabotage strike materials sabotage materials strike steal strike strike,2024-12-01 00:56:40
Jimmy,sabotage materials strike,2024-12-01 02:45:00
Christopher,toys sabotage sabotage steal steal materials,2024-12-01 04:02:39
Robert,toys sabotage materials revolt,2024-12-01 04:18:05
Virginia,sabotage toys materials,2024-12-01 00:12:36
Julie,revolt toys toys steal toys steal,2024-12-01 03:23:46
Wesley,sabotage revolt strike revolt,2024-12-01 03:58:31
Tammy,strike steal materials toys,2024-12-01 00:47:50
Leonard,toys steal sabotage revolt revolt,2024-12-01 04:15:24
Megan,toys toys sabotage strike sabotage strike materials sabotage materials,2024-12-01 03:02:21
Christina,strike materials strike toys materials steal sabotage,2024-12-01 02:24:53
Judy,toys revolt sabotage sabotage toys steal revolt revolt toys revolt,2024-12-01 03:05:29
Jeanette,toys toys steal materials steal toys strike toys,2024-12-01 03:26:57
Sean,toys strike revolt materials steal,2024-12-01 00:18:25
Linda,strike strike toys sabotage sabotage steal toys toys,2024-12-01 00:24:08
Monique,toys steal materials strike sabotage sabotage toys revolt sabotage steal,2024-12-01 01:15:41
Rachel,steal materials strike revolt,2024-12-01 00:06:16
Megan,strike sabotage materials sabotage toys materials,2024-12-01 00:42:17
Jason,revolt steal revolt steal strike revolt,2024-12-01 01:37:25
Erika,sabotage materials toys materials revolt steal toys materials toys toys,2024-12-01 04:47:58
Michele,sabotage toys toys strike materials strike revolt sabotage sabotage sabotage,2024-12-01 02:50:46
Michael,steal revolt toys revolt,2024-12-01 03:04:26
Ryan,strike toys toys sabotage revolt,2024-12-01 03:25:58
Hannah,strike sabotage sabotage steal steal revolt materials,2024-12-01 04:26:54
Christian,revolt strike revolt toys,2024-12-01 04:30:23
Samantha,materials toys sabotage revolt steal,2024-12-01 01:49:37
Christina,revolt revolt sabotage,2024-12-01 00:19:39
Dustin,revolt materials toys,2024-12-01 03:26:16
Jeffrey,strike sabotage sabotage steal toys strike materials,2024-12-01 03:47:53
Jessica,steal sabotage toys toys materials revolt sabotage sabotage,2024-12-01 01:48:23
Jeanette,sabotage steal sabotage sabotage sabotage revolt toys strike,2024-12-01 01:42:54
Adam,sabotage steal strike strike steal toys,2024-12-01 01:10:04
Lisa,materials materials materials revolt toys toys revolt,2024-12-01 03:48:23
Nicole,revolt sabotage strike steal revolt,2024-12-01 02:18:33
Angela,sabotage steal materials steal strike sabotage revolt revolt steal,2024-12-01 03:41:47
Christopher,materials strike strike toys revolt sabotage toys steal toys,2024-12-01 00:04:51
Jonathan,sabotage revolt strike revolt revolt toys strike steal materials steal,2024-12-01 04:42:11
Michael,revolt strike revolt steal steal sabotage toys materials,2024-12-01 03:30:45
Timothy,revolt revolt revolt revolt strike strike steal toys revolt toys,2024-12-01 03:48:47
David,sabotage strike steal revolt materials strike revolt toys,2024-12-01 03:08:47
Joseph,sabotage strike strike steal sabotage,2024-12-01 00:23:19
Gail,revolt materials sabotage steal materials,2024-12-01 02:13:03
Angela,steal sabotage toys revolt revolt materials sabotage revolt strike,2024-12-01 04:11:06
Bethany,materials materials sabotage toys strike toys toys sabotage steal steal,2024-12-01 01:53:24
Jill,strike toys toys steal,2024-12-01 02:00:01
Amber,strike toys revolt toys strike,2024-12-01 04:46:06
Christian,materials steal materials steal steal revolt materials,2024-12-01 00:11:09
Ronald,revolt toys revolt revolt sabotage,2024-12-01 02:33:31
Laura,toys sabotage sabotage sabotage toys sabotage toys revolt strike,2024-12-01 00:47:17
Kristina,revolt steal sabotage steal materials steal revolt steal sabotage steal,2024-12-01 03:32:13
Michael,steal revolt materials revolt,2024-12-01 02:07:43
Julie,sabotage sabotage sabotage strike revolt strike materials sabotage toys strike,2024-12-01 03:12:03
Priscilla,strike sabotage materials revolt strike sabotage revolt sabotage,2024-12-01 01:57:33
Kenneth,revolt toys sabotage revolt steal toys,2024-12-01 00:37:03
Gary,toys steal revolt steal revolt materials revolt sabotage,2024-12-01 00:48:03
Michael,toys toys toys steal steal revolt,2024-12-01 03:09:13
Kenneth,steal toys strike,2024-12-01 03:57:25
Michael,materials strike sabotage sabotage steal,2024-12-01 00:34:34
Ashley,sabotage strike materials toys materials revolt steal steal revolt,2024-12-01 03:29:09
Matthew,sabotage revolt materials revolt toys toys revolt strike strike,2024-12-01 03:29:28
Gary,toys strike revolt toys strike toys revolt sabotage,2024-12-01 01:02:47
Kayla,revolt steal toys steal strike steal steal toys steal,2024-12-01 01:22:27
Joseph,toys steal materials revolt materials revolt materials materials revolt toys,2024-12-01 02:08:43
Emily,materials sabotage sabotage toys sabotage sabotage,2024-12-01 02:47:04
Christina,toys revolt steal strike sabotage sabotage materials,2024-12-01 04:49:58
Tina,steal toys steal steal,2024-12-01 03:20:35
Lisa,sabotage steal toys,2024-12-01 01:52:50
Ashley,steal steal materials toys materials toys,2024-12-01 03:18:25
Kimberly,materials steal strike steal toys steal steal revolt,2024-12-01 01:51:35
Michael,steal toys sabotage revolt,2024-12-01 04:48:53
Virginia,materials toys revolt sabotage revolt sabotage,2024-12-01 00:03:59
Billy,revolt materials sabotage sabotage revolt toys revolt steal revolt,2024-12-01 01:25:49
Kayla,revolt toys revolt sabotage sabotage revolt sabotage strike,2024-12-01 03:16:53
Robert,toys revolt sabotage,2024-12-01 02:19:27
George,steal materials strike strike steal sabotage revolt revolt toys,2024-12-01 02:45:15
Gregory,toys materials revolt toys,2024-12-01 02:09:48
Sharon,sabotage revolt sabotage materials strike,2024-12-01 04:33:06
Philip,toys revolt steal toys materials revolt toys toys,2024-12-01 03:22:09
Billy,sabotage materials toys materials steal toys toys,2024-12-01 00:39:43
Blake,toys steal sabotage revolt,2024-12-01 00:10:46
Nicholas,materials strike toys,2024-12-01 03:52:53
Tina,toys revolt sabotage revolt strike,2024-12-01 00:13:03
Sharon,toys steal sabotage sabotage steal sabotage,2024-12-01 00:50:11
Robert,materials revolt steal materials steal,2024-12-01 02:05:55
Emily,steal steal revolt toys revolt strike revolt,2024-12-01 02:45:23
Sarah,strike steal toys toys toys materials,2024-12-01 00:36:48
Joseph,revolt revolt toys revolt,2024-12-01 02:30:30
Julie,sabotage materials materials materials toys steal sabotage strike,2024-12-01 01:44:11
Sharon,sabotage steal toys revolt toys,2024-12-01 02:22:20
Jeremy,steal revolt steal materials strike,2024-12-01 01:27:20
James,materials sabotage strike sabotage sabotage revolt strike strike materials sabotage,2024-12-01 00:36:17
Richard,sabotage revolt materials revolt revolt toys strike,2024-12-01 02:36:27
Kathryn,revolt sabotage materials sabotage materials toys sabotage,2024-12-01 04:07:26
Tiffany,strike sabotage steal sabotage steal revolt materials,2024-12-01 04:42:48
Michael,materials steal steal toys materials revolt,2024-12-01 02:58:52
Samantha,sabotage revolt materials,2024-12-01 01:02:36
Nicholas,sabotage revolt toys,2024-12-01 00:24:14
Michelle,sabotage revolt sabotage strike,2024-12-01 03:26:32
Kayla,toys sabotage materials steal sabotage toys strike steal steal,2024-12-01 02:28:38
Anne,strike sabotage sabotage revolt sabotage strike steal strike toys,2024-12-01 00:40:44
Michele,materials sabotage toys toys revolt revolt revolt strike steal,2024-12-01 03:14:22
Margaret,revolt revolt steal,2024-12-01 01:00:38
Connor,sabotage strike toys materials steal strike steal toys materials,2024-12-01 00:51:43
Sarah,sabotage sabotage strike steal materials revolt toys strike materials materials,2024-12-01 01:31:22
Samantha,materials revolt materials strike steal,2024-12-01 02:52:43
Matthew,materials revolt steal strike sabotage steal revolt materials sabotage revolt,2024-12-01 00:06:56
Edward,strike revolt sabotage toys strike strike sabotage,2024-12-01 03:03:08
Shannon,revolt sabotage strike toys sabotage strike strike,2024-12-01 04:08:12
Jessica,sabotage sabotage steal steal,2024-12-01 04:11:14
Sharon,materials toys steal materials steal revolt strike revolt toys,2024-12-01 02:27:01
Bethany,materials steal strike strike revolt strike revolt steal,2024-12-01 03:13:56
Michael,toys toys revolt revolt sabotage,2024-12-01 01:14:31
Molly,sabotage revolt toys steal toys sabotage,2024-12-01 02:19:19
Margaret,strike strike sabotage sabotage toys strike sabotage strike,2024-12-01 02:48:08
Sean,revolt toys steal materials materials materials materials materials,2024-12-01 03:03:33
Christopher,toys materials toys steal toys sabotage steal,2024-12-01 02:02:02
Kathryn,steal revolt revolt toys steal materials steal sabotage sabotage,2024-12-01 00:41:32
Joseph,strike steal toys steal strike materials materials strike sabotage,2024-12-01 03:52:29
Wesley,revolt strike steal toys steal revolt strike revolt,2024-12-01 02:57:27
Virginia,sabotage sabotage sabotage materials toys revolt revolt revolt materials materials,2024-12-01 00:18:08
Charles,revolt strike sabotage materials materials materials,2024-12-01 03:37:00
Judy,strike sabotage revolt materials sabotage sabotage revolt toys,2024-12-01 01:18:26
John,sabotage materials sabotage revolt revolt,2024-12-01 04:24:42
Karen,steal toys materials steal toys revolt sabotage,2024-12-01 01:53:21
Ryan,revolt steal steal,2024-12-01 03:20:51
Erika,toys materials strike materials toys steal revolt toys revolt steal,2024-12-01 04:42:34
Megan,strike toys revolt materials sabotage revolt toys,2024-12-01 01:46:51
Jill,sabotage steal revolt toys sabotage materials steal materials toys toys,2024-12-01 00:29:48
Sharon,strike toys revolt materials,2024-12-01 01:46:33
Kenneth,strike strike revolt materials steal revolt,2024-12-01 00:56:16
Keith,revolt sabotage steal strike sabotage strike sabotage materials,2024-12-01 01:41:35
Morgan,sabotage revolt toys toys materials materials strike strike revolt,2024-12-01 04:38:38
Richard,sabotage toys strike revolt,2024-12-01 04:35:06
Shannon,strike materials sabotage,2024-12-01 02:29:24
Steven,steal sabotage toys strike toys strike steal,2024-12-01 04:07:49
Kevin,strike steal toys strike strike,2024-12-01 03:30:20
Michael,steal materials revolt materials steal strike strike,2024-12-01 04:36:51
Kevin,sabotage steal materials toys steal strike materials strike,2024-12-01 04:06:30
Bethany,toys materials materials steal toys revolt revolt sabotage sabotage,2024-12-01 00:04:22
Virginia,sabotage toys toys materials steal materials,2024-12-01 01:02:35
Renee,steal strike materials materials materials sabotage revolt toys,2024-12-01 04:38:38
Renee,toys toys toys materials strike strike,2024-12-01 03:07:22
Christopher,revolt strike materials,2024-12-01 04:45:08
Sean,strike materials strike,2024-12-01 03:55:08
Samantha,toys steal revolt steal sabotage toys toys,2024-12-01 03:29:24
Wesley,revolt revolt toys revolt,2024-12-01 01:36:54
Brittany,revolt materials toys revolt revolt materials steal strike sabotage strike,2024-12-01 00:15:51
Alicia,revolt steal toys revolt,2024-12-01 03:11:38
Kristen,strike materials toys toys strike materials steal materials,2024-12-01 03:14:12
Andrea,sabotage steal revolt strike sabotage steal,2024-12-01 04:45:35
Leonard,materials steal steal revolt,2024-12-01 03:50:32
Michael,toys strike sabotage sabotage sabotage revolt toys materials,2024-12-01 00:22:56
Ryan,toys steal strike strike sabotage steal steal toys,2024-12-01 04:04:35
Christina,steal materials revolt revolt,2024-12-01 03:59:49
Kevin,sabotage revolt sabotage,2024-12-01 04:49:03
Virginia,steal sabotage strike materials,2024-12-01 01:39:37
Jeffrey,steal revolt strike steal steal,2024-12-01 01:46:50
Riley,steal strike strike sabotage,2024-12-01 00:35:38
Megan,strike steal toys sabotage strike revolt,2024-12-01 01:04:29
Robert,materials strike revolt,2024-12-01 04:00:58
Andrew,revolt revolt materials revolt,2024-12-01 03:30:13
Christopher,toys materials steal sabotage materials materials steal toys steal,2024-12-01 00:35:43
Priscilla,steal materials revolt toys steal steal strike strike sabotage strike,2024-12-01 00:15:58
Kristen,strike toys sabotage sabotage revolt,2024-12-01 03:45:58
Christine,steal sabotage steal materials toys strike,2024-12-01 00:57:55
Sharon,steal strike materials materials steal sabotage revolt toys toys,2024-12-01 03:36:03
Christopher,steal toys toys materials,2024-12-01 04:01:30
Erik,sabotage strike materials strike strike,2024-12-01 02:21:52
Michael,sabotage strike toys strike steal materials strike materials revolt toys,2024-12-01 02:08:50
Corey,revolt steal revolt strike revolt toys,2024-12-01 00:18:25
Dwayne,steal steal sabotage materials revolt sabotage steal strike,2024-12-01 00:34:44
Nicole,materials sabotage toys steal materials steal materials toys,2024-12-01 03:32:16
Julie,revolt strike revolt strike revolt steal revolt,2024-12-01 00:51:01
Erika,materials materials sabotage strike revolt strike strike materials materials revolt,2024-12-01 03:16:33
Deborah,toys strike steal,2024-12-01 00:36:50
Christina,materials sabotage sabotage materials steal materials strike toys toys,2024-12-01 01:20:50
Michael,steal strike toys strike,2024-12-01 03:56:26
Wesley,sabotage strike strike materials strike revolt sabotage materials sabotage steal,2024-12-01 02:13:11
Dwayne,toys sabotage toys sabotage,2024-12-01 03:09:02
Kayla,steal materials toys steal,2024-12-01 02:22:16
Jason,steal toys sabotage steal,2024-12-01 04:19:17
Kenneth,strike strike materials revolt sabotage steal steal,2024-12-01 01:37:03
Billy,strike strike steal materials strike materials steal strike toys revolt,2024-12-01 01:03:26
Mia,revolt steal sabotage strike steal,2024-12-01 03:13:06
Aaron,strike revolt strike,2024-12-01 04:25:24
Andrew,strike steal revolt strike strike,2024-12-01 03:07:33
Virginia,toys revolt steal sabotage toys revolt toys toys,2024-12-01 04:00:47
Molly,materials materials revolt toys revolt steal toys strike,2024-12-01 01:28:16
Adam,revolt materials toys,2024-12-01 03:57:49
Chad,toys revolt materials strike sabotage materials revolt sabotage toys revolt,2024-12-01 01:39:15
Billy,revolt revolt revolt revolt revolt strike toys,2024-12-01 00:24:57
Jennifer,steal steal steal strike revolt revolt strike,2024-12-01 01:16:57
Julie,materials toys steal sabotage materials strike,2024-12-01 03:49:36
Jamie,revolt toys sabotage toys materials steal materials steal,2024-12-01 01:34:12
Christina,steal strike steal sabotage strike steal revolt,2024-12-01 04:22:04
Laura,materials sabotage strike steal strike steal materials,2024-12-01 04:26:01
Jamie,sabotage revolt revolt steal sabotage materials steal,2024-12-01 04:46:57
Christine,sabotage materials revolt materials strike revolt materials materials toys revolt,2024-12-01 01:35:59
Brian,materials materials steal toys toys strike strike,2024-12-01 03:51:11
Cody,strike steal sabotage revolt,2024-12-01 01:39:42
Kevin,sabotage toys revolt materials toys,2024-12-01 04:36:59
Kayla,steal materials toys strike,2024-12-01 03:38:56
Christopher,sabotage sabotage sabotage steal materials strike materials strike toys,2024-12-01 04:10:47
Renee,sabotage toys steal strike,2024-12-01 04:22:03
Lisa,steal revolt strike strike steal materials toys steal sabotage toys,2024-12-01 02:31:30
Derrick,toys materials steal strike revolt strike revolt,2024-12-01 02:43:49
Amber,steal strike materials,2024-12-01 01:55:39
Richard,revolt revolt sabotage steal materials strike sabotage toys revolt,2024-12-01 03:02:09
Shannon,strike sabotage steal revolt steal strike materials materials sabotage,2024-12-01 01:40:48
Tina,strike sabotage revolt,2024-12-01 04:47:23
Matthew,revolt toys strike strike strike revolt steal,2024-12-01 01:54:07
Jeffrey,toys strike toys,2024-12-01 04:29:26
Christina,steal revolt revolt toys strike revolt,2024-12-01 04:39:31
Angela,steal strike steal revolt steal toys strike revolt,2024-12-01 03:55:34
Katelyn,materials toys materials sabotage revolt steal sabotage strike revolt,2024-12-01 02:47:17
Renee,toys revolt steal,2024-12-01 03:05:54
Stephen,strike steal strike steal strike sabotage,2024-12-01 01:09:06
Andrew,toys sabotage revolt sabotage strike revolt revolt materials toys,2024-12-01 04:49:01
Julie,toys materials sabotage toys steal materials toys strike strike sabotage,2024-12-01 03:41:24
Jamie,sabotage steal steal strike materials materials toys sabotage toys materials,2024-12-01 04:32:57
Robert,steal steal strike revolt materials toys toys,2024-12-01 01:41:51
Ashley,materials toys strike revolt revolt strike toys materials revolt,2024-12-01 00:08:27
Zachary,sabotage materials steal materials materials toys revolt steal,2024-12-01 00:23:01
Corey,steal strike steal sabotage revolt steal revolt toys,2024-12-01 03:25:08
Nicole,materials steal revolt revolt revolt toys,2024-12-01 01:02:06
Heather,strike revolt steal strike toys sabotage sabotage,2024-12-01 02:57:50
Danielle,steal toys sabotage steal materials steal toys steal,2024-12-01 04:22:29
Sonya,revolt toys steal sabotage toys sabotage steal sabotage toys,2024-12-01 00:02:05
Molly,strike steal toys revolt,2024-12-01 01:03:13
Bradley,materials toys sabotage toys materials,2024-12-01 01:51:18
Laura,revolt steal revolt toys steal toys materials strike sabotage,2024-12-01 03:07:55
George,materials strike strike materials steal revolt revolt steal toys,2024-12-01 02:34:42
James,revolt revolt revolt steal revolt strike materials,2024-12-01 02:59:31
Steven,steal sabotage materials,2024-12-01 01:12:19
Lisa,materials steal revolt revolt steal steal steal,2024-12-01 04:04:11
Laura,toys strike revolt steal sabotage sabotage strike steal materials toys,2024-12-01 00:02:08
Amber,materials sabotage revolt steal materials strike revolt,2024-12-01 02:18:16
Debra,toys materials revolt sabotage steal materials toys materials revolt materials,2024-12-01 00:41:47
Jessica,revolt revolt steal revolt,2024-12-01 04:09:15
Debra,strike strike steal sabotage strike,2024-12-01 02:39:26
Corey,strike toys toys,2024-12-01 00:11:19
James,sabotage steal strike,2024-12-01 04:51:03
Brian,sabotage materials strike steal,2024-12-01 02:36:40
Caleb,toys revolt revolt strike strike toys revolt toys,2024-12-01 01:56:19
Amy,revolt sabotage materials strike,2024-12-01 01:57:57
Gregory,revolt revolt revolt toys materials steal toys steal,2024-12-01 03:08:56
Kristina,sabotage strike revolt sabotage steal materials,2024-12-01 03:58:32
Christie,strike materials steal materials,2024-12-01 01:22:59
Cody,strike revolt strike sabotage toys,2024-12-01 04:10:30
Danielle,sabotage toys toys toys toys revolt sabotage materials,2024-12-01 01:03:45
Andrew,sabotage revolt strike strike steal sabotage materials revolt,2024-12-01 04:32:42
David,strike toys revolt strike strike revolt,2024-12-01 02:22:31
Isabella,materials sabotage sabotage toys revolt materials revolt,2024-12-01 01:48:11
Matthew,toys sabotage sabotage materials sabotage revolt revolt toys toys,2024-12-01 03:26:47
Christopher,toys toys revolt materials,2024-12-01 00:14:33
Charles,strike sabotage steal strike strike revolt,2024-12-01 01:26:07
Tina,materials toys sabotage steal revolt materials toys,2024-12-01 03:01:20
Andrew,strike revolt strike,2024-12-01 04:14:20
Jamie,revolt revolt toys,2024-12-01 01:32:52
Kristina,materials revolt sabotage steal,2024-12-01 04:49:35
Michelle,strike steal steal materials sabotage strike steal strike sabotage sabotage,2024-12-01 01:42:52
Alejandra,sabotage revolt materials materials,2024-12-01 04:27:23
Nathan,strike steal strike materials strike strike steal materials revolt toys,2024-12-01 02:24:11
Rebecca,toys steal revolt strike revolt strike,2024-12-01 01:39:33
Erik,toys revolt strike strike sabotage strike,2024-12-01 01:48:57
Katherine,materials strike toys revolt toys materials,2024-12-01 02:07:15
Robert,steal toys strike toys,2024-12-01 01:04:47
Timothy,steal revolt revolt steal materials strike strike toys,2024-12-01 03:36:58
Tina,materials materials sabotage materials toys materials toys sabotage,2024-12-01 04:43:19
Morgan,materials steal toys steal sabotage strike steal strike strike,2024-12-01 04:07:37
James,revolt strike steal strike,2024-12-01 03:47:34
Christian,revolt sabotage toys materials materials toys strike steal toys revolt,2024-12-01 00:31:08
Jeffrey,toys materials toys revolt materials revolt toys,2024-12-01 01:36:01
Derrick,steal steal revolt toys,2024-12-01 00:32:00
Virginia,revolt materials materials sabotage strike materials toys materials,2024-12-01 01:19:04
Kenneth,toys revolt steal toys,2024-12-01 02:13:45
Billy,toys steal sabotage strike strike strike materials materials,2024-12-01 01:52:01
Michael,sabotage sabotage sabotage,2024-12-01 04:48:25
Hannah,strike revolt sabotage materials strike strike,2024-12-01 04:14:38
Lisa,strike steal sabotage materials toys,2024-12-01 01:09:13
Michael,steal revolt materials strike toys steal,2024-12-01 01:47:11
Richard,toys strike sabotage revolt toys strike toys,2024-12-01 01:43:30
Riley,toys sabotage toys revolt steal toys,2024-12-01 02:48:55
Caleb,toys strike sabotage,2024-12-01 00:16:49
Christine,revolt toys revolt toys strike revolt,2024-12-01 00:30:36
Richard,materials steal materials sabotage,2024-12-01 04:10:15
Patrick,toys toys revolt,2024-12-01 00:23:24
Christopher,strike sabotage toys toys revolt strike materials,2024-12-01 04:11:26
Amy,sabotage toys materials steal toys steal materials revolt sabotage,2024-12-01 02:26:32
Andrew,materials revolt sabotage sabotage toys strike revolt,2024-12-01 00:28:37
Christina,materials materials revolt toys sabotage strike sabotage,2024-12-01 02:29:12
Bryan,steal toys steal sabotage sabotage sabotage,2024-12-01 04:34:56
Kimberly,materials toys sabotage,2024-12-01 04:02:38
Priscilla,materials toys materials revolt toys sabotage materials materials,2024-12-01 04:13:03
Nicholas,steal toys strike materials steal strike sabotage,2024-12-01 00:24:25
Ryan,sabotage revolt toys,2024-12-01 04:41:49
Steven,toys steal toys materials,2024-12-01 03:42:00
Jason,sabotage revolt strike revolt sabotage sabotage strike revolt materials strike,2024-12-01 01:59:06
Rachel,strike materials materials steal strike materials,2024-12-01 04:17:56
Corey,toys revolt steal steal steal steal,2024-12-01 02:59:43
Kenneth,sabotage toys sabotage toys steal revolt materials,2024-12-01 04:02:55
Valerie,strike materials revolt materials strike strike toys revolt,2024-12-01 04:47:27
Michael,strike steal materials toys steal toys,2024-12-01 00:41:32
Stephen,steal sabotage sabotage revolt steal revolt,2024-12-01 01:31:12
Ashley,steal toys materials steal strike revolt,2024-12-01 01:10:34
James,sabotage sabotage sabotage strike sabotage,2024-12-01 04:42:46
Edward,materials revolt revolt steal steal sabotage materials revolt revolt toys,2024-12-01 01:50:08
Debra,strike steal revolt materials revolt steal revolt sabotage sabotage,2024-12-01 03:46:04
Erika,toys sabotage strike,2024-12-01 02:40:46
Adam,revolt toys strike steal materials,2024-12-01 04:10:23
Morgan,sabotage sabotage revolt strike sabotage toys,2024-12-01 03:55:35
Kenneth,steal sabotage revolt steal sabotage,2024-12-01 04:49:53
James,strike revolt sabotage sabotage,2024-12-01 03:37:21
Michelle,sabotage revolt revolt strike revolt,2024-12-01 01:04:10
Curtis,strike materials steal toys strike materials,2024-12-01 04:41:09
Joseph,sabotage toys toys,2024-12-01 04:36:58
Christina,sabotage toys steal materials materials toys revolt,2024-12-01 04:05:27
Robert,strike sabotage toys materials revolt,2024-12-01 03:58:53
Heather,steal revolt toys sabotage sabotage,2024-12-01 00:46:51
Matthew,strike strike sabotage steal toys toys sabotage,2024-12-01 01:28:28
Karen,strike strike revolt steal sabotage,2024-12-01 03:36:58
Kimberly,sabotage strike materials strike revolt materials sabotage,2024-12-01 01:28:23
Julie,sabotage revolt strike materials toys,2024-12-01 04:06:22
Denise,revolt steal revolt revolt,2024-12-01 01:14:14
Molly,revolt steal revolt,2024-12-01 00:16:16
Nicholas,materials strike steal revolt materials,2024-12-01 02:27:30
Priscilla,steal toys sabotage strike strike strike revolt toys toys,2024-12-01 03:56:45
Lisa,sabotage toys revolt,2024-12-01 02:17:00
Stephen,strike sabotage materials,2024-12-01 02:37:19
Sean,sabotage sabotage materials sabotage revolt strike,2024-12-01 00:05:33
Jeffrey,revolt materials toys toys revolt sabotage toys toys sabotage,2024-12-01 02:57:30
Curtis,sabotage revolt revolt,2024-12-01 04:26:27
Angela,revolt sabotage sabotage,2024-12-01 00:51:58
Justin,strike revolt toys revolt strike toys materials toys strike steal,2024-12-01 04:50:47
Kimberly,revolt revolt sabotage sabotage sabotage steal sabotage strike sabotage steal,2024-12-01 01:41:23
Virginia,sabotage revolt toys toys strike steal materials toys steal toys,2024-12-01 01:25:05
Angela,materials steal strike sabotage revolt strike strike sabotage materials,2024-12-01 04:03:21
Derrick,sabotage materials strike strike strike,2024-12-01 02:11:06
Michael,materials sabotage sabotage sabotage steal steal steal materials toys toys,2024-12-01 04:26:55
Morgan,toys steal materials materials steal,2024-12-01 03:36:31
Ryan,sabotage revolt sabotage strike revolt steal revolt revolt toys revolt,2024-12-01 02:47:53
Ana,sabotage steal strike materials toys sabotage revolt strike materials revolt,2024-12-01 03:24:04
Jason,materials revolt strike materials strike,2024-12-01 02:42:20
Philip,steal sabotage steal steal,2024-12-01 02:38:30
Erika,steal revolt sabotage steal sabotage steal toys revolt sabotage toys,2024-12-01 04:00:11
Riley,toys revolt materials,2024-12-01 01:45:17
James,steal toys sabotage sabotage revolt strike sabotage,2024-12-01 02:18:43
Derrick,materials materials strike toys strike steal steal steal,2024-12-01 02:00:53
Steven,materials steal toys steal steal strike sabotage,2024-12-01 04:43:41
Andrew,sabotage strike revolt strike materials steal steal steal sabotage,2024-12-01 01:26:09
Ronald,strike revolt toys steal sabotage revolt materials strike toys,2024-12-01 04:05:32
Leonard,sabotage revolt toys steal sabotage,2024-12-01 00:12:22
Tina,steal steal steal steal materials revolt,2024-12-01 03:02:56
John,revolt sabotage strike strike revolt,2024-12-01 02:04:17
Steven,strike revolt revolt toys revolt sabotage materials steal toys sabotage,2024-12-01 01:49:34
Joseph,materials strike materials strike toys,2024-12-01 04:18:15
Philip,materials steal sabotage strike toys materials sabotage revolt sabotage,2024-12-01 04:45:47
Kimberly,strike steal sabotage,2024-12-01 02:59:38
Christine,toys steal strike steal steal revolt revolt strike,2024-12-01 01:03:10
Michelle,sabotage strike revolt strike,2024-12-01 02:49:31
Chad,toys sabotage revolt,2024-12-01 02:04:37
Julie,steal materials sabotage materials revolt,2024-12-01 01:40:22
Renee,toys strike materials,2024-12-01 02:10:16
Brittany,revolt toys toys steal strike materials,2024-12-01 02:19:41
Michael,steal toys strike sabotage toys revolt materials strike strike toys,2024-12-01 04:08:29
Shannon,materials materials strike toys,2024-12-01 01:20:25
Edward,strike materials strike materials sabotage toys sabotage sabotage strike,2024-12-01 04:49:46
Jason,steal revolt sabotage steal revolt steal steal,2024-12-01 02:16:49
Rachel,strike sabotage steal steal materials strike revolt steal steal,2024-12-01 04:47:54
Richard,toys strike steal toys sabotage steal strike,2024-12-01 00:29:24
Elizabeth,steal sabotage materials steal,2024-12-01 03:59:39
Billy,steal revolt materials,2024-12-01 03:13:45
Christopher,sabotage sabotage materials steal sabotage strike,2024-12-01 01:20:19
Patrick,steal steal materials materials strike revolt materials steal revolt strike,2024-12-01 04:10:43
Andrew,revolt strike sabotage materials materials,2024-12-01 00:48:18
Priscilla,materials sabotage sabotage,2024-12-01 00:59:58
Ashley,revolt toys revolt materials,2024-12-01 00:32:55
Michelle,materials toys toys strike revolt revolt steal strike sabotage revolt,2024-12-01 03:26:48
Matthew,revolt sabotage sabotage,2024-12-01 02:31:15
Andrew,strike revolt sabotage sabotage materials,2024-12-01 04:49:18
Lisa,steal strike steal,2024-12-01 02:07:42
Sharon,steal steal materials sabotage materials revolt steal sabotage,2024-12-01 04:33:59
Richard,materials sabotage sabotage materials revolt strike sabotage,2024-12-01 00:22:55
Christie,sabotage materials strike,2024-12-01 01:52:46
Scott,toys materials revolt strike sabotage,2024-12-01 00:42:21
Jennifer,revolt materials strike,2024-12-01 00:40:57
Amy,materials sabotage revolt sabotage sabotage revolt toys revolt materials,2024-12-01 00:43:00
Steven,sabotage sabotage steal materials sabotage materials,2024-12-01 01:19:11
Christopher,steal toys steal revolt materials materials materials revolt materials materials,2024-12-01 01:23:15
Christian,revolt materials steal materials sabotage strike revolt toys revolt revolt,2024-12-01 00:52:09
Jennifer,materials strike steal steal steal sabotage sabotage sabotage toys,2024-12-01 01:13:43
Scott,toys steal revolt strike toys strike steal sabotage,2024-12-01 03:24:48
Sarah,strike sabotage strike materials steal steal toys steal toys,2024-12-01 03:16:13
George,steal revolt revolt materials sabotage steal,2024-12-01 00:51:23
Megan,sabotage sabotage strike materials strike strike sabotage toys,2024-12-01 03:47:53
Cody,sabotage revolt steal revolt strike,2024-12-01 04:46:43
David,sabotage materials materials sabotage toys,2024-12-01 00:01:34
Steven,revolt sabotage revolt steal,2024-12-01 01:22:23
Margaret,revolt strike revolt toys materials strike sabotage revolt toys,2024-12-01 00:50:31
Terri,strike steal sabotage steal,2024-12-01 04:15:34
Jeffrey,materials sabotage sabotage steal steal sabotage toys sabotage materials revolt,2024-12-01 01:52:40
David,steal steal revolt sabotage materials materials,2024-12-01 04:17:26
Steven,revolt toys materials,2024-12-01 03:33:09
Keith,steal toys strike materials,2024-12-01 01:25:41
Billy,sabotage steal strike toys sabotage,2024-12-01 00:39:39
Heather,steal steal strike,2024-12-01 04:08:32
Corey,revolt strike revolt strike steal revolt toys,2024-12-01 00:48:59
Mia,materials materials sabotage materials,2024-12-01 03:18:49
Bryan,sabotage revolt strike sabotage revolt steal revolt sabotage,2024-12-01 01:44:15
Renee,sabotage revolt toys sabotage materials,2024-12-01 01:37:39
Andrew,toys materials sabotage materials toys strike,2024-12-01 00:27:50
Cody,steal materials steal sabotage sabotage toys revolt,2024-12-01 00:01:57
Jason,materials sabotage revolt materials materials steal,2024-12-01 01:12:48
Molly,toys sabotage steal steal steal strike toys materials strike sabotage,2024-12-01 04:13:12
Joseph,materials toys toys steal materials strike materials materials,2024-12-01 03:19:00
Rebecca,revolt strike toys strike sabotage toys steal sabotage steal,2024-12-01 01:38:19
James,revolt revolt materials revolt,2024-12-01 01:05:14
Rachel,steal revolt steal strike materials strike toys strike strike,2024-12-01 00:13:45
Christine,materials strike materials materials sabotage toys toys sabotage,2024-12-01 02:45:03
Jessica,strike steal sabotage revolt toys,2024-12-01 03:06:31
Jeffrey,steal strike toys toys,2024-12-01 00:34:56
Erika,strike steal steal toys,2024-12-01 04:33:58
Andrea,toys steal steal strike materials materials toys revolt revolt strike,2024-12-01 00:28:23
Kimberly,materials toys strike revolt toys strike sabotage sabotage sabotage,2024-12-01 03:12:18
Steven,sabotage revolt materials materials revolt revolt toys strike sabotage,2024-12-01 01:19:05
Derrick,sabotage toys toys strike sabotage toys toys steal,2024-12-01 04:24:45
Isabella,steal materials sabotage sabotage sabotage sabotage sabotage,2024-12-01 01:49:41
Christopher,strike steal sabotage,2024-12-01 01:02:47
Kimberly,sabotage steal materials materials steal revolt steal revolt materials strike,2024-12-01 00:45:28
John,steal sabotage strike steal,2024-12-01 00:32:07
Christopher,strike strike materials,2024-12-01 00:38:41
Alicia,steal toys sabotage steal toys toys steal materials,2024-12-01 03:38:36
Sarah,steal materials steal revolt strike toys sabotage toys,2024-12-01 01:46:33
Ana,strike materials strike,2024-12-01 02:43:20
James,revolt toys steal toys strike,2024-12-01 03:03:24
Morgan,sabotage strike toys steal,2024-12-01 04:26:08
Zachary,strike toys sabotage materials toys revolt strike,2024-12-01 01:50:08
Michael,sabotage revolt revolt strike steal,2024-12-01 03:52:47
Molly,strike sabotage toys toys revolt materials strike materials steal strike,2024-12-01 02:58:06
Megan,steal revolt steal toys steal strike materials steal materials,2024-12-01 02:14:39
Kimberly,strike strike toys sabotage materials,2024-12-01 01:18:26
Isabella,materials revolt sabotage steal strike revolt,2024-12-01 01:28:40
Kyle,sabotage revolt sabotage materials revolt strike sabotage materials sabotage revolt,2024-12-01 02:36:06
Karen,sabotage steal materials strike toys,2024-12-01 01:51:26
Julie,materials strike revolt materials,2024-12-01 04:38:08
Margaret,sabotage materials toys revolt strike toys materials,2024-12-01 04:50:50
Nicole,steal materials steal sabotage toys sabotage steal strike revolt,2024-12-01 00:53:37
Tammy,materials steal steal,2024-12-01 02:55:53
Rachel,steal materials sabotage strike toys revolt materials materials revolt materials,2024-12-01 00:35:45
Jonathan,steal strike materials sabotage steal toys,2024-12-01 00:10:27
Jason,revolt revolt toys toys steal materials materials revolt materials,2024-12-01 03:57:21
Edward,strike toys sabotage toys strike sabotage revolt,2024-12-01 02:37:22
Nicholas,steal strike revolt toys sabotage toys toys,2024-12-01 02:41:50
James,sabotage steal toys,2024-12-01 00:43:13
Sarah,strike toys toys,2024-12-01 04:29:37
Brian,revolt toys strike revolt revolt toys,2024-12-01 02:55:26
David,revolt revolt materials revolt,2024-12-01 00:08:04
Ashley,revolt revolt steal,2024-12-01 03:48:46
Jason,strike steal revolt revolt steal toys sabotage sabotage toys,2024-12-01 04:39:27
Omar,materials steal sabotage toys strike,2024-12-01 02:13:28
Christina,sabotage revolt materials,2024-12-01 02:42:08
Jessica,sabotage toys sabotage revolt sabotage sabotage materials materials steal,2024-12-01 04:23:54
Michael,steal revolt strike revolt steal revolt toys materials revolt sabotage,2024-12-01 03:11:45
Julie,materials materials toys,2024-12-01 01:00:18
Joseph,toys steal revolt revolt materials,2024-12-01 02:31:29
Kyle,strike steal revolt sabotage,2024-12-01 03:16:00
Holly,sabotage strike revolt sabotage revolt steal materials,2024-12-01 04:41:13
Bryan,toys steal materials strike steal,2024-12-01 01:17:20
David,strike sabotage steal revolt materials revolt materials,2024-12-01 03:04:50
Kenneth,materials strike toys revolt revolt materials materials,2024-12-01 02:34:47
